"ID","Date","Performance"
1,"01/01/1990",-0.0688172043010753
2,"01/01/1990",-0.0118831822759314
3,"01/01/1990",-0.0191400832177532
4,"01/01/1990",-0.0918918918918918
1,"02/01/1990",0.0085389570925003
2,"02/01/1990",0.00323583367305336
3,"02/01/1990",-0.02394419306184
4,"02/01/1990",0.0595238095238095
1,"03/01/1990",0.0242550242550243
2,"03/01/1990",0.000736507936508035
3,"03/01/1990",0.0168050994784623
4,"03/01/1990",-0.129213483146067
1,"04/01/1990",-0.0268870977231276
2,"04/01/1990",-0.00916150644604607
3,"04/01/1990",-0.0335296352583587
4,"04/01/1990",-0.0193548387096775
1,"05/01/1990",0.0919891172914147
2,"05/01/1990",0.0296083805035474
3,"05/01/1990",0.0743980343980344
4,"05/01/1990",0.0197368421052631
1,"06/01/1990",-0.00888630512415922
2,"06/01/1990",0.0160451752531157
3,"06/01/1990",0.01143432125869
4,"06/01/1990",-0.032258064516129
1,"07/01/1990",-0.00522317188983856
2,"07/01/1990",0.0138331211438645
3,"07/01/1990",-0.00298453468391058
4,"07/01/1990",-0.043328
1,"08/01/1990",-0.0943141934578127
2,"08/01/1990",-0.0133545847521069
3,"08/01/1990",-0.113298258345428
4,"08/01/1990",-0.0905918294532156
1,"09/01/1990",-0.0511842757936508
2,"09/01/1990",0.008272958684159
3,"09/01/1990",-0.116214833759591
4,"09/01/1990",-0.344825472334269
1,"10/01/1990",-0.00669825191962103
2,"10/01/1990",0.0126960236927709
3,"10/01/1990",0.0419029980321797
4,"10/01/1990",-0.192990007111045
1,"11/01/1990",0.0599342105263159
2,"11/01/1990",0.0215259965961119
3,"11/01/1990",-0.00133318520164427
4,"11/01/1990",0.391304347826087
1,"12/01/1990",0.02482775743281
2,"12/01/1990",0.0155813680628887
3,"12/01/1990",-0.0109022138168874
4,"12/01/1990",-0.0468666666666667
1,"01/01/1991",0.0415177760281025
2,"01/01/1991",0.0123616534577971
3,"01/01/1991",0.0109099088966371
4,"01/01/1991",0.229506190109813
1,"02/01/1991",0.0672811327886489
2,"02/01/1991",0.00853608435659847
3,"02/01/1991",0.114040943480196
4,"02/01/1991",0.0399926044970347
1,"03/01/1991",0.0222028495927209
4,"03/01/1991",0.183767521367521
2,"03/01/1991",0.0068796958450259
3,"03/01/1991",0.0407470288624787
1,"04/01/1991",0.000346463408133824
2,"04/01/1991",0.0108334082531691
3,"04/01/1991",0.00431820362729107
4,"04/01/1991",0.0649815741136512
1,"05/01/1991",0.0385773278273611
2,"05/01/1991",0.00584782318673005
3,"05/01/1991",0.021307089623543
4,"05/01/1991",0.142372109168222
1,"06/01/1991",-0.0478926711643536
2,"06/01/1991",-0.000508433362070959
3,"06/01/1991",-0.0371409860604359
4,"06/01/1991",-0.151339340822121
1,"07/01/1991",0.0448593598448108
2,"07/01/1991",0.0138673862078118
3,"07/01/1991",0.026331130975515
4,"07/01/1991",-0.027972027972028
1,"08/01/1991",0.0196487970913592
2,"08/01/1991",0.0216400165790449
3,"08/01/1991",0.0162832528637697
4,"08/01/1991",0.11151654676259
1,"09/01/1991",-0.0191437169663404
2,"09/01/1991",0.0202634894198535
3,"09/01/1991",-0.0123893805309734
4,"09/01/1991",-0.0776695007404492
1,"10/01/1991",0.0118599494663021
2,"10/01/1991",0.0111338997949018
3,"10/01/1991",-0.0186757215619694
4,"10/01/1991",0.0491225312419299
1,"11/01/1991",-0.0439280436222799
2,"11/01/1991",0.00916918491534546
3,"11/01/1991",-0.0430603613994618
4,"11/01/1991",-0.0802671290053297
4,"12/01/1991",0.178174963345668
1,"12/01/1991",0.111587868450509
2,"12/01/1991",0.0296982997313207
3,"12/01/1991",0.00441944556046603
1,"01/01/1992",-0.0198997818216691
2,"01/01/1992",-0.0136042226869834
3,"01/01/1992",0.0493000000000001
4,"01/01/1992",0.0833382716049382
1,"02/01/1992",0.00956481322928626
2,"02/01/1992",0.00650216065586995
3,"02/01/1992",0.0165824835604689
4,"02/01/1992",0.0826161476187004
1,"03/01/1992",-0.0218318391083111
2,"03/01/1992",-0.00563758927854907
3,"03/01/1992",-0.0306552920221242
4,"03/01/1992",-0.0421052631578948
1,"04/01/1992",0.0278926899353464
2,"04/01/1992",0.00722313015757714
3,"04/01/1992",0.0589941972920696
4,"04/01/1992",0.0494505494505495
1,"05/01/1992",0.000963971562838895
2,"05/01/1992",0.0188698143066044
3,"05/01/1992",0.0160730593607306
4,"05/01/1992",-0.0261780104712042
1,"06/01/1992",-0.0173588539785724
2,"06/01/1992",0.0137624599414112
3,"06/01/1992",-0.0645335250763976
4,"06/01/1992",0.0241978494623656
1,"07/01/1992",0.0393737443034252
2,"07/01/1992",0.0204022264026531
3,"07/01/1992",-0.0655265180630283
4,"07/01/1992",-0.0341247910769928
1,"08/01/1992",-0.0239975483840551
2,"08/01/1992",0.0101301910101683
3,"08/01/1992",-0.0456508328192475
4,"08/01/1992",-0.0679304347826087
1,"09/01/1992",0.00910562036567408
2,"09/01/1992",0.0118725069616918
3,"09/01/1992",0.0201465201465203
4,"09/01/1992",0.0349852595439788
1,"10/01/1992",0.00210627094303484
2,"10/01/1992",-0.013276557764183
3,"10/01/1992",0.000528038863660374
4,"10/01/1992",0.0422488236672736
1,"11/01/1992",0.0302617751027037
2,"11/01/1992",0.000226137755582778
3,"11/01/1992",0.0386320455984801
4,"11/01/1992",0.0891935135135136
1,"12/01/1992",0.0101078010896023
2,"12/01/1992",0.0159014262298172
3,"12/01/1992",0.0320121951219512
4,"12/01/1992",0.0198510378122567
1,"01/01/1993",0.00704597094397652
2,"01/01/1993",0.0191762022217687
3,"01/01/1993",-0.000886262924667647
4,"01/01/1993",0.0462246375683208
1,"02/01/1993",0.0104836136560464
2,"02/01/1993",0.0175052315530888
3,"02/01/1993",0.0440567711413367
4,"02/01/1993",-0.00465116279069766
1,"03/01/1993",0.0186972799855656
2,"03/01/1993",0.0041668902122789
3,"03/01/1993",0.0269045596148398
4,"03/01/1993",0.0210317757009346
1,"04/01/1993",-0.0254167865919809
2,"04/01/1993",0.00696349065004442
3,"04/01/1993",-0.00661886376172094
4,"04/01/1993",-0.0915328456463317
1,"05/01/1993",0.0227174629137419
2,"05/01/1993",0.00127341221414556
4,"05/01/1993",-0.0503776307198762
3,"05/01/1993",0.0127706829539145
1,"06/01/1993",0.00075523667784716
2,"06/01/1993",0.0181230459435111
3,"06/01/1993",0.0382858187134503
4,"06/01/1993",0.0530501727313624
1,"07/01/1993",-0.00532705924133792
2,"07/01/1993",0.005655892711532
3,"07/01/1993",0.0599313561559447
4,"07/01/1993",0.0151132892159629
1,"08/01/1993",0.0344319728650169
2,"08/01/1993",0.0175278185111705
3,"08/01/1993",0.043673198272999
4,"08/01/1993",0.0223284473312264
1,"09/01/1993",-0.00998791957891099
2,"09/01/1993",0.00274664722537765
3,"09/01/1993",-0.0271280827366746
4,"09/01/1993",0
1,"10/01/1993",0.0193929357418343
2,"10/01/1993",0.00373670594998576
3,"10/01/1993",0.0535612069670455
4,"10/01/1993",-0.0946563106796117
1,"11/01/1993",-0.012910672680247
2,"11/01/1993",-0.00850683916178152
3,"11/01/1993",-0.00985718720894135
4,"11/01/1993",0.0107238145895352
1,"12/01/1993",0.010091166980662
2,"12/01/1993",0.00541973190166312
3,"12/01/1993",0.0819941992631497
4,"12/01/1993",0.0397833855347034
1,"01/01/1994",0.0325008039446886
2,"01/01/1994",0.013501639122647
3,"01/01/1994",0.04643917988843
4,"01/01/1994",0.0357142857142858
1,"02/01/1994",-0.0300450572039618
2,"02/01/1994",-0.0173733264418027
3,"02/01/1994",-0.0516477430074772
4,"02/01/1994",-0.0369418719211823
1,"03/01/1994",-0.0457464571648757
2,"03/01/1994",-0.0246542801391363
3,"03/01/1994",-0.0449700686231567
4,"03/01/1994",-0.0639424493403608
1,"04/01/1994",0.011530609955807
2,"04/01/1994",-0.00798510838175437
3,"04/01/1994",0.0299648371808594
4,"04/01/1994",0.14207650273224
1,"05/01/1994",0.0123971524250959
2,"05/01/1994",-0.000140294267225616
3,"05/01/1994",-0.0517292563455545
4,"05/01/1994",0.0598124401913875
1,"06/01/1994",-0.0267907995618839
2,"06/01/1994",-0.00220994475138125
3,"06/01/1994",-0.0405415981842372
4,"06/01/1994",-0.0722345020875771
1,"07/01/1994",0.0314898597699598
2,"07/01/1994",0.0198632424546048
3,"07/01/1994",0.0494330695815319
4,"07/01/1994",0.0851539264080723
1,"08/01/1994",0.0375987430716187
2,"08/01/1994",0.00124097278477731
3,"08/01/1994",0.0253400699572484
4,"08/01/1994",0
1,"09/01/1994",-0.0269195987297315
2,"09/01/1994",-0.0147182868258421
3,"09/01/1994",-0.0592828443635812
4,"09/01/1994",-0.121076233183857
1,"10/01/1994",0.0208779096155094
2,"10/01/1994",-0.00089104759242431
3,"10/01/1994",0.0147473607865258
4,"10/01/1994",0.010204081632653
1,"11/01/1994",-0.0395046046363926
2,"11/01/1994",-0.0022208621141907
3,"11/01/1994",7.94155019059328e-05
4,"11/01/1994",-0.0934303030303031
1,"12/01/1994",0.0122991469946439
2,"12/01/1994",0.00690525430263933
3,"12/01/1994",-0.00690860001588189
4,"12/01/1994",0.00557100581167336
1,"01/01/1995",0.0242776580225141
2,"01/01/1995",0.0197904337533941
3,"01/01/1995",-0.0251079481848713
4,"01/01/1995",0.0332408499020502
1,"02/01/1995",0.0360741465073764
2,"02/01/1995",0.023775794091041
3,"02/01/1995",-0.000820209973753316
4,"02/01/1995",0.0697047948319793
1,"03/01/1995",0.027329243521615
2,"03/01/1995",0.00613517388549889
3,"03/01/1995",-0.0045148579871942
4,"03/01/1995",0.0175397792891057
1,"04/01/1995",0.0279602963791417
2,"04/01/1995",0.0139685169842585
3,"04/01/1995",0.0328193287705121
4,"04/01/1995",-0.0147783251231527
1,"05/01/1995",0.0363117095063239
2,"05/01/1995",0.0386972366120308
3,"05/01/1995",0.0320958083832337
4,"05/01/1995",0.132504
1,"06/01/1995",0.021278590176228
2,"06/01/1995",0.00733153978068302
3,"06/01/1995",-0.0107526881720431
4,"06/01/1995",-0.0529799453246964
1,"07/01/1995",0.0317760440569068
2,"07/01/1995",-0.00223343277054988
3,"07/01/1995",0.0396465436346574
4,"07/01/1995",0.0466198727463953
1,"08/01/1995",-0.000320250507063191
2,"08/01/1995",0.0120687496086656
3,"08/01/1995",0.010379842045882
4,"08/01/1995",0.0935408693421138
1,"09/01/1995",0.0400975297216486
2,"09/01/1995",0.00972855927615823
3,"09/01/1995",0.00707213578500698
4,"09/01/1995",0.095719443684094
1,"10/01/1995",-0.00497938091408423
2,"10/01/1995",0.0130047178481711
3,"10/01/1995",-0.00569189828503847
4,"10/01/1995",-0.0223048327137546
1,"11/01/1995",0.041049011177988
2,"11/01/1995",0.0149849545612628
3,"11/01/1995",0.0248308675934874
4,"11/01/1995",0.0874524714828897
1,"12/01/1995",0.0174438772981811
2,"12/01/1995",0.0140337286216554
3,"12/01/1995",0.0278563656147988
4,"12/01/1995",-0.026220979020979
1,"01/01/1996",0.0326173428798728
2,"01/01/1996",0.00664061352216971
3,"01/01/1996",0.0381819465029289
4,"01/01/1996",0.00359065395862412
1,"02/01/1996",0.00693374422187976
2,"02/01/1996",-0.0173822937038443
3,"02/01/1996",0.00237933378653965
4,"02/01/1996",0.0554531507602123
1,"03/01/1996",0.00791655606389474
2,"03/01/1996",-0.00695114887043824
3,"03/01/1996",0.0106476771787047
4,"03/01/1996",0.0864433898305086
1,"04/01/1996",0.013431448489543
2,"04/01/1996",-0.00562377540794801
3,"04/01/1996",0.0309354449067238
4,"04/01/1996",-0.00312011701686865
1,"05/01/1996",0.0228533867343352
2,"05/01/1996",-0.00203059428726149
3,"05/01/1996",-0.00214801796524111
4,"05/01/1996",0.0156494130844116
1,"06/01/1996",0.0022566953610712
2,"06/01/1996",0.0134291915355398
3,"06/01/1996",-0.000456621004566338
4,"06/01/1996",0.0184899390078546
1,"07/01/1996",-0.0457480279736963
2,"07/01/1996",0.00273650708666096
3,"07/01/1996",-0.0403315277687135
4,"07/01/1996",0.0408446817677899
1,"08/01/1996",0.0188139698413938
2,"08/01/1996",-0.00167598593951623
3,"08/01/1996",0.028969738184291
4,"08/01/1996",-0.0101720930232557
1,"09/01/1996",0.0541726100093558
2,"09/01/1996",0.0174268310800774
3,"09/01/1996",0.0402484964642125
4,"09/01/1996",0.02055795463623
1,"10/01/1996",0.0261308579825699
2,"10/01/1996",0.0221514828497582
3,"10/01/1996",0.00984752223634033
4,"10/01/1996",0.0848895887433927
1,"11/01/1996",0.0733761538134332
2,"11/01/1996",0.0171285714285714
3,"11/01/1996",0.0562441019188424
4,"11/01/1996",0.0994716180371353
1,"12/01/1996",-0.021505376344086
2,"12/01/1996",-0.00929788339723869
3,"12/01/1996",0.0203704806718685
4,"12/01/1996",-0.0566966336373779
1,"01/01/1997",0.0613170613170613
2,"01/01/1997",0.00306222266328304
3,"01/01/1997",0.0649699375401318
4,"01/01/1997",0.106140153452686
1,"02/01/1997",0.00592754655540872
2,"02/01/1997",0.00248752703065591
3,"02/01/1997",0.037546590659943
4,"02/01/1997",0.109824536740741
1,"03/01/1997",-0.0426139955995044
2,"03/01/1997",-0.0110815040392506
3,"03/01/1997",0.0171694225791115
4,"03/01/1997",-0.075
1,"04/01/1997",0.0584055367709215
2,"04/01/1997",0.0149694196142167
3,"04/01/1997",0.0231120806066274
4,"04/01/1997",0.0878378378378379
1,"05/01/1997",0.0585768837197693
2,"05/01/1997",0.00945317657634881
3,"05/01/1997",0.0293415909437027
4,"05/01/1997",-0.0248447204968945
1,"06/01/1997",0.0434526335643892
2,"06/01/1997",0.0118693123312834
3,"06/01/1997",0.0561227005967353
4,"06/01/1997",0.0966046709129513
1,"07/01/1997",0.0781232347425265
2,"07/01/1997",0.0269668174754878
3,"07/01/1997",0.092878823254728
4,"07/01/1997",0.102613587432972
1,"08/01/1997",-0.0574458497940877
2,"08/01/1997",-0.00852972683449382
3,"08/01/1997",-0.0672107332079986
4,"08/01/1997",-0.160668431018885
1,"09/01/1997",0.0531535237417591
2,"09/01/1997",0.0147481868643897
3,"09/01/1997",0.0725573725436306
4,"09/01/1997",0.0355648535564854
1,"10/01/1997",-0.0344776623595979
2,"10/01/1997",0.0145072203367271
3,"10/01/1997",-0.0740978005551997
4,"10/01/1997",-0.0333317171717171
1,"11/01/1997",0.0445868229428614
2,"11/01/1997",0.00460478845523116
3,"11/01/1997",0.0341328413284132
4,"11/01/1997",0.00417972132961952
1,"12/01/1997",0.0157316307305839
2,"12/01/1997",0.0100684287505224
3,"12/01/1997",0.0516949152542374
4,"12/01/1997",0.0124869719259573
1,"01/01/1998",0.0101501396288244
2,"01/01/1998",0.0128382484129959
3,"01/01/1998",0.0566181771915688
4,"01/01/1998",-0.0154178574834821
1,"02/01/1998",0.0704492593952748
2,"02/01/1998",-0.000753127393413378
3,"02/01/1998",0.0667897567632656
4,"02/01/1998",0.144050104384134
1,"03/01/1998",0.0499456801418035
2,"03/01/1998",0.00343633831964341
3,"03/01/1998",0.0833019790804426
4,"03/01/1998",0.0647824817518248
1,"04/01/1998",0.0090764692534604
2,"04/01/1998",0.0052196053469129
3,"04/01/1998",0.000903028619060775
4,"04/01/1998",0.0419865748256043
1,"05/01/1998",-0.0188261749494042
2,"05/01/1998",0.00948581560283679
3,"05/01/1998",0.0197099035325143
4,"05/01/1998",-0.00657894736842102
1,"06/01/1998",0.0394382207880311
2,"06/01/1998",0.00848084908855973
3,"06/01/1998",0.0124549105015992
4,"06/01/1998",0.0157298013245033
1,"07/01/1998",-0.0116153954702602
2,"07/01/1998",0.00212726254898299
3,"07/01/1998",0.00752890561979025
4,"07/01/1998",0.0399334442595674
1,"08/01/1998",-0.14579671089616
2,"08/01/1998",0.0162743929688665
3,"08/01/1998",-0.134407526020817
4,"08/01/1998",-0.278996865203762
1,"09/01/1998",0.0623955373558416
2,"09/01/1998",0.0234160284363665
3,"09/01/1998",-0.0909931784021275
4,"09/01/1998",-0.0695652173913044
1,"10/01/1998",0.0802941957306222
2,"10/01/1998",-0.00527547025685104
3,"10/01/1998",0.0669040956499618
4,"10/01/1998",0.0747663551401869
1,"11/01/1998",0.0591260342049933
2,"11/01/1998",0.00566341100525558
3,"11/01/1998",0.0780082657765062
4,"11/01/1998",0.133697391304348
1,"12/01/1998",0.0563753083024672
2,"12/01/1998",0.00300665759896912
3,"12/01/1998",0.0292328676226639
4,"12/01/1998",-0.0776620093391995
1,"01/01/1999",0.0410094123963782
2,"01/01/1999",0.00713724930411819
3,"01/01/1999",0.0326289398280803
4,"01/01/1999",0.112266112266112
1,"02/01/1999",-0.0322825169578945
2,"02/01/1999",-0.017456830368743
3,"02/01/1999",0.00572300648607404
4,"02/01/1999",-0.0233629906542056
1,"03/01/1999",0.0387941824877052
2,"03/01/1999",0.00554166466317252
3,"03/01/1999",0.0247965236584355
4,"03/01/1999",0.0813380572814433
1,"04/01/1999",0.0379439819025631
2,"04/01/1999",0.00316799961744918
3,"04/01/1999",0.0511526165236413
4,"04/01/1999",0.0132757522123894
1,"05/01/1999",-0.0249704159738763
2,"05/01/1999",-0.00875896751436001
4,"05/01/1999",-0.0960697347497156
3,"05/01/1999",-0.0356331038898671
1,"06/01/1999",0.0544383334357526
2,"06/01/1999",-0.00318590028733212
3,"06/01/1999",0.0383772657858041
4,"06/01/1999",0.133333127214489
1,"07/01/1999",-0.0320460985932935
2,"07/01/1999",-0.00425742335431889
3,"07/01/1999",-0.0367670567171814
4,"07/01/1999",-0.0946303909559885
1,"08/01/1999",-0.00625413932205432
2,"08/01/1999",-0.000508714768474139
3,"08/01/1999",0.0245950610727563
4,"08/01/1999",-0.088512241054614
1,"09/01/1999",-0.0285517377178302
2,"09/01/1999",0.0116094475211768
3,"09/01/1999",-0.0154847905665878
4,"09/01/1999",-0.0795438016528925
1,"10/01/1999",0.0625394672217414
2,"10/01/1999",0.00368963906225672
3,"10/01/1999",0.0439603830081272
4,"10/01/1999",0.15712654163584
1,"11/01/1999",0.0190618740507582
2,"11/01/1999",-7.16118636988616e-05
3,"11/01/1999",0.0783559744066569
4,"11/01/1999",-0.0921449588439048
3,"12/01/1999",0.109198257972116
1,"12/01/1999",0.0578439207724042
2,"12/01/1999",-0.00482221081655299
4,"12/01/1999",-0.142092307692308
1,"01/01/2000",-0.0509035222052067
2,"01/01/2000",-0.00327436281859073
3,"01/01/2000",-0.0489077446046009
4,"01/01/2000",-0.0348691708708924
1,"02/01/2000",-0.0201081422199274
2,"02/01/2000",0.0120935717551924
3,"02/01/2000",0.0694871581747152
4,"02/01/2000",-0.0503245412654633
1,"03/01/2000",0.0967198957860687
2,"03/01/2000",0.0131736954117967
3,"03/01/2000",0.0209580062692678
4,"03/01/2000",0.139947826086957
1,"04/01/2000",-0.0307958200429739
2,"04/01/2000",-0.0028633456551076
3,"04/01/2000",-0.0037553920324791
4,"04/01/2000",-0.0655560132424062
1,"05/01/2000",-0.0219149976246705
2,"05/01/2000",-0.000458980122630015
3,"05/01/2000",-0.0315317609902704
4,"05/01/2000",0.131379591836735
1,"06/01/2000",0.0239335492045614
2,"06/01/2000",0.0208048791974755
3,"06/01/2000",-0.0092047128129602
4,"06/01/2000",-0.224353146600863
1,"07/01/2000",-0.0163412622026674
2,"07/01/2000",0.00907738266877356
3,"07/01/2000",0.0156341243297764
4,"07/01/2000",0.101744186046512
1,"08/01/2000",0.0606990348259402
2,"08/01/2000",0.0144937475710398
3,"08/01/2000",0.032224342053681
4,"08/01/2000",0.130608970976253
1,"09/01/2000",-0.0534829476569502
2,"09/01/2000",0.00628704058408647
3,"09/01/2000",-0.0443589224225237
4,"09/01/2000",-0.0221721873098021
1,"10/01/2000",-0.00494949565265812
2,"10/01/2000",0.00661725188104612
3,"10/01/2000",0.0280574395930477
4,"10/01/2000",-0.0823369928400954
1,"11/01/2000",-0.0800685602350637
2,"11/01/2000",0.0163509560303883
3,"11/01/2000",-0.0638610416720357
4,"11/01/2000",-0.169050363484289
1,"12/01/2000",0.00405338606030647
2,"12/01/2000",0.0185503376270888
3,"12/01/2000",-0.00952512044046794
4,"12/01/2000",0.148666920395817
1,"01/01/2001",0.0346365922380101
2,"01/01/2001",0.0163536339020931
3,"01/01/2001",0.00705967369854621
4,"01/01/2001",0.173188010899183
1,"02/01/2001",-0.0922906860125474
2,"02/01/2001",0.00871128026218426
3,"02/01/2001",-0.0753732785030221
4,"02/01/2001",-0.0719063545150501
1,"03/01/2001",-0.0642047195832057
2,"03/01/2001",0.00502022763954968
3,"03/01/2001",-0.0397588203689332
4,"03/01/2001",0.0960960960960959
1,"04/01/2001",0.0768143545370714
2,"04/01/2001",-0.00415045936616842
3,"04/01/2001",0.0631644389182469
4,"04/01/2001",0.0228310502283104
1,"05/01/2001",0.00509019896595331
2,"05/01/2001",0.00603172940991681
3,"05/01/2001",-0.000146190281269942
4,"05/01/2001",0.0580357142857142
1,"06/01/2001",-0.0250035833160802
2,"06/01/2001",0.00377845551727374
3,"06/01/2001",-0.0369038219726877
4,"06/01/2001",0.0131645569620253
1,"07/01/2001",-0.010772447362833
2,"07/01/2001",0.0223572598875914
3,"07/01/2001",-0.0376499165022014
4,"07/01/2001",0.0598034316175244
1,"08/01/2001",-0.0641001296203034
2,"08/01/2001",0.0114514656658891
3,"08/01/2001",-0.0608613345953619
4,"08/01/2001",-0.0333228544482866
1,"09/01/2001",-0.0817314902213321
2,"09/01/2001",0.0116527442112335
3,"09/01/2001",-0.105388698515084
4,"09/01/2001",-0.0504065040650407
1,"10/01/2001",0.0180990258804541
2,"10/01/2001",0.0209256450669602
3,"10/01/2001",0.0417589845656992
4,"10/01/2001",0.0101027397260274
1,"11/01/2001",0.0751759799203608
2,"11/01/2001",-0.0137874786391177
3,"11/01/2001",0.0415990771781838
4,"11/01/2001",0.0405153415833193
3,"12/01/2001",0.0338466862779028
1,"12/01/2001",0.00757382947913454
2,"12/01/2001",-0.00635017524514636
4,"12/01/2001",0.0255783642880416
1,"01/01/2002",-0.0155738276078321
2,"01/01/2002",0.00809495972336438
3,"01/01/2002",-0.0210223278545845
4,"01/01/2002",0.00127084988085779
1,"02/01/2002",-0.0207662360644134
2,"02/01/2002",0.00969098914923716
3,"02/01/2002",-0.00892460249615323
4,"02/01/2002",0.0145962240203079
1,"03/01/2002",0.0367388613302251
3,"03/01/2002",0.0455423682031468
4,"03/01/2002",0.0636434714620797
2,"03/01/2002",-0.0166358415263311
1,"04/01/2002",-0.0614176522368157
2,"04/01/2002",0.0193920076023797
3,"04/01/2002",-0.0409186906019009
4,"04/01/2002",0.0655689503087329
1,"05/01/2002",-0.00908145451844145
2,"05/01/2002",0.00849679549427074
3,"05/01/2002",-0.0399463253509497
4,"05/01/2002",0.0459437086092715
1,"06/01/2002",-0.0724647187810411
2,"06/01/2002",0.00864667083915083
3,"06/01/2002",-0.089560262337383
4,"06/01/2002",-0.0718902519456537
1,"07/01/2002",-0.0789949586284235
2,"07/01/2002",0.0120664801962713
3,"07/01/2002",-0.103960006298221
4,"07/01/2002",-0.0548607163160887
1,"08/01/2002",0.00488141988986635
2,"08/01/2002",0.016884084627937
3,"08/01/2002",-0.00355840618547643
4,"08/01/2002",0.0538345864661653
1,"09/01/2002",-0.110024343117884
2,"09/01/2002",0.0161956088194644
3,"09/01/2002",-0.14134556035623
4,"09/01/2002",-0.0896118721461188
1,"10/01/2002",0.0864488273967225
2,"10/01/2002",-0.0045548729838526
3,"10/01/2002",0.0937050729102484
4,"10/01/2002",0.0940438871473355
1,"11/01/2002",0.0570696351156068
2,"11/01/2002",-0.000265923304051174
3,"11/01/2002",0.044411060513591
4,"11/01/2002",0.00401146131805152
3,"12/01/2002",-0.0932710028318425
1,"12/01/2002",-0.0603325821576186
2,"12/01/2002",0.0206558128869525
4,"12/01/2002",-0.0072773972602741
1,"01/01/2003",-0.0274146984610488
2,"01/01/2003",0.000853725387995663
3,"01/01/2003",-0.0630577037477692
4,"01/01/2003",0.00689952565761121
1,"02/01/2003",-0.0170036227649878
2,"02/01/2003",0.0138365118701289
3,"02/01/2003",-0.0383597883597884
4,"02/01/2003",-0.0115631691648823
1,"03/01/2003",0.00835760565891941
2,"03/01/2003",-0.00077050472487683
3,"03/01/2003",-0.0293810178817057
4,"03/01/2003",-0.0346620450606585
1,"04/01/2003",0.0810441179938222
2,"04/01/2003",0.00825164412458124
3,"04/01/2003",0.104699280086163
4,"04/01/2003",0.107869539198085
1,"05/01/2003",0.0508986607337609
2,"05/01/2003",0.018645006461141
3,"05/01/2003",0.00851806239737263
4,"05/01/2003",0.00202565833896018
1,"06/01/2003",0.0113222428626283
2,"06/01/2003",-0.00198484613127592
3,"06/01/2003",0.0325633458837895
4,"06/01/2003",0.0650943396226416
1,"07/01/2003",0.0162237044638276
2,"07/01/2003",-0.0336192584394024
3,"07/01/2003",0.0402582043953879
4,"07/01/2003",0.0447931165380235
1,"08/01/2003",0.0178731912229504
2,"08/01/2003",0.00663922691481744
3,"08/01/2003",0.0170053526597507
4,"08/01/2003",-0.0402083081022162
1,"09/01/2003",-0.0119443259491473
2,"09/01/2003",0.0264706405219461
3,"09/01/2003",-0.0365160689333953
4,"09/01/2003",-0.0152681388012618
1,"10/01/2003",0.0549614948241413
2,"10/01/2003",-0.00932629026671283
3,"10/01/2003",0.0709175287634147
4,"10/01/2003",-0.0296002050230652
1,"11/01/2003",0.00712851310066531
2,"11/01/2003",0.00239504208805719
3,"11/01/2003",0.00798988850268589
4,"11/01/2003",-0.00396144196487513
1,"12/01/2003",0.0507654507654507
2,"12/01/2003",0.0101764085213252
3,"12/01/2003",0.0269144648454993
4,"12/01/2003",0.0662866233594062
1,"01/01/2004",0.0172764227642277
2,"01/01/2004",0.0080453023030973
3,"01/01/2004",0.0283459072870786
4,"01/01/2004",0.012806166853164
1,"02/01/2004",0.012209029908145
2,"02/01/2004",0.0108241419469755
3,"02/01/2004",0.0287519613247953
4,"02/01/2004",0.00564694328504789
1,"03/01/2004",-0.0163589358394326
2,"03/01/2004",0.00748898678414101
3,"03/01/2004",-0.0247330887505668
4,"03/01/2004",-0.011474609375
1,"04/01/2004",-0.016790829419025
2,"04/01/2004",-0.0260166156536948
3,"04/01/2004",0.010397734477366
4,"04/01/2004",-0.00605087675969385
1,"05/01/2004",0.0120834462205366
3,"05/01/2004",-0.00886843756536293
4,"05/01/2004",0.0327991054789414
2,"05/01/2004",-0.00400587067253722
1,"06/01/2004",0.0179890780597494
2,"06/01/2004",0.00565157845465736
3,"06/01/2004",0.0165871776474065
4,"06/01/2004",0.0179237339107423
1,"07/01/2004",-0.0342905227726937
2,"07/01/2004",0.00991225499491466
3,"07/01/2004",-0.0185169808187329
4,"07/01/2004",0.00460883951784452
1,"08/01/2004",0.00228733253458224
2,"08/01/2004",0.0190751741089716
3,"08/01/2004",-0.0117174280879865
4,"08/01/2004",0.0582284437125042
1,"09/01/2004",0.00936390639716
2,"09/01/2004",0.00271349966081247
3,"09/01/2004",0.0175919188460387
4,"09/01/2004",-0.0366829702089817
1,"10/01/2004",0.0140142475192451
2,"10/01/2004",0.00838574423480076
3,"10/01/2004",0.010768065954404
4,"10/01/2004",0.0336948996076623
1,"11/01/2004",0.0385949389488585
2,"11/01/2004",-0.00797641036684849
3,"11/01/2004",0.0258426966292133
4,"11/01/2004",0.033043089975441
3,"12/01/2004",0.0182954038375727
1,"12/01/2004",0.0324581281627507
2,"12/01/2004",0.00920112216952784
4,"12/01/2004",0.0155608385563
1,"01/01/2005",-0.0252904482144036
2,"01/01/2005",0.0062794738148424
3,"01/01/2005",0.023225241016652
4,"01/01/2005",-0.0131942966588637
1,"02/01/2005",0.0189033836464143
2,"02/01/2005",-0.00590319742824497
3,"02/01/2005",0.0289663227564727
4,"02/01/2005",0.00603838688807423
1,"03/01/2005",-0.0191176470588236
2,"03/01/2005",-0.00513600913068279
3,"03/01/2005",-0.00794581709485798
4,"03/01/2005",-0.0546623794212218
1,"04/01/2005",-0.0201085897729102
2,"04/01/2005",0.0135339595976389
3,"04/01/2005",-0.0233799916091384
4,"04/01/2005",0.021315192743764
1,"05/01/2005",0.0299520248951897
2,"05/01/2005",0.0108187470266898
3,"05/01/2005",0.0438569085370617
4,"05/01/2005",0.0284191829484903
1,"06/01/2005",-0.000142677297524152
2,"06/01/2005",0.00545290781177732
3,"06/01/2005",0.0322870290695498
4,"06/01/2005",-0.0153281519861831
1,"07/01/2005",0.0359682036043751
2,"07/01/2005",-0.00909538451605607
3,"07/01/2005",0.0330168164685414
4,"07/01/2005",-0.0440692830519622
1,"08/01/2005",-0.0112220259605569
2,"08/01/2005",0.0128113241354597
3,"08/01/2005",-0.000736764551099833
4,"08/01/2005",-0.0130733944954129
1,"09/01/2005",0.0069489400408087
2,"09/01/2005",-0.0103011539544047
3,"09/01/2005",0.0441682466118951
4,"09/01/2005",-0.021612828259354
1,"10/01/2005",-0.0177407410421464
2,"10/01/2005",-0.00791393795602646
3,"10/01/2005",-0.0239071956960322
4,"10/01/2005",0.0389548693586699
1,"11/01/2005",0.0351861210760473
2,"11/01/2005",0.00442260442260456
3,"11/01/2005",0.0316235488649281
4,"11/01/2005",0.0491540923639688
1,"12/01/2005",-0.000952396196817973
2,"12/01/2005",0.00950750163078928
3,"12/01/2005",0.0352622967242127
4,"12/01/2005",0.00566572237960328
1,"01/01/2006",0.025466838635253
2,"01/01/2006",5.65400707559505e-05
3,"01/01/2006",0.0355126923200981
4,"01/01/2006",-0.0416034669555797
1,"02/01/2006",0.000453096681457543
2,"02/01/2006",0.00331952218264631
3,"02/01/2006",0.0213057562920507
4,"02/01/2006",0.0366267239430251
1,"03/01/2006",0.0110646073118548
2,"03/01/2006",-0.00981291859866051
3,"03/01/2006",0.0200073197511286
4,"03/01/2006",-0.00676117775354423
1,"04/01/2006",0.0121869280137161
2,"04/01/2006",-0.00181293443355968
3,"04/01/2006",0.00609974883387165
4,"04/01/2006",0.0961791831357048
1,"05/01/2006",-0.0309169012902388
2,"05/01/2006",-0.0010669316349301
3,"05/01/2006",-0.0523656680932002
4,"05/01/2006",-0.0304487179487181
1,"06/01/2006",8.66080356511922e-05
2,"06/01/2006",0.0021198359573098
3,"06/01/2006",0.00564511070689333
4,"06/01/2006",-0.00619834710743794
1,"07/01/2006",0.0050858132577547
2,"07/01/2006",0.0135219793183687
3,"07/01/2006",0.0167778955903448
4,"07/01/2006",0.0713097713097712
1,"08/01/2006",0.0212742625287858
2,"08/01/2006",0.0153082931293298
3,"08/01/2006",0.0266531713900136
4,"08/01/2006",-0.00116437026974581
1,"09/01/2006",0.0245662744857418
2,"09/01/2006",0.00878399746995573
3,"09/01/2006",0.0200161324052222
4,"09/01/2006",0.0408004662910433
1,"10/01/2006",0.0315080285960252
2,"10/01/2006",0.00661488662993448
3,"10/01/2006",0.034882699235568
4,"10/01/2006",0.00560014933731567
1,"11/01/2006",0.0164666095766144
2,"11/01/2006",0.0116011990501033
3,"11/01/2006",-0.00441501103752762
4,"11/01/2006",-0.000371264154445772
1,"12/01/2006",0.012615751483261
2,"12/01/2006",-0.00580334808543392
3,"12/01/2006",0.0383194041730628
4,"12/01/2006",-0.00854224698235839
1,"01/01/2007",0.0140590848198547
2,"01/01/2007",-0.000410308815446125
3,"01/01/2007",0.0204238076986258
4,"01/01/2007",-0.0151713804083162
1,"02/01/2007",-0.0218461452886862
2,"02/01/2007",0.0154200034077354
3,"02/01/2007",-0.0206321098948273
4,"02/01/2007",-0.0332826169646253
1,"03/01/2007",0.0099799547916577
2,"03/01/2007",3.05089658225732e-05
3,"03/01/2007",0.0251760129304441
4,"03/01/2007",0.00373795002951027
1,"04/01/2007",0.0432906831074138
2,"04/01/2007",0.00539229519574702
3,"04/01/2007",0.0339639784084227
4,"04/01/2007",-0.00235201881615066
1,"05/01/2007",0.032549228600147
2,"05/01/2007",-0.00757851615839777
3,"05/01/2007",0.0253534230997854
4,"05/01/2007",-0.00373280943025533
1,"06/01/2007",-0.0178163097306974
2,"06/01/2007",-0.00295824064943706
3,"06/01/2007",-0.00763724353480877
4,"06/01/2007",-0.0358903569315717
1,"07/01/2007",-0.0319819070742009
2,"07/01/2007",0.0083413833816337
3,"07/01/2007",-0.03464478931193
4,"07/01/2007",-0.0300674984659439
1,"08/01/2007",0.012863592323074
2,"08/01/2007",0.0122565046151974
3,"08/01/2007",-0.0108664193438051
4,"08/01/2007",0.0687473639814424
1,"09/01/2007",0.0357940013161555
2,"09/01/2007",0.00758634158066318
3,"09/01/2007",0.00510719795712089
4,"09/01/2007",-0.00808997632202046
1,"10/01/2007",0.0148223350253809
2,"10/01/2007",0.00898288406488557
3,"10/01/2007",0.0279733234531307
4,"10/01/2007",-0.0395862343345932
1,"11/01/2007",-0.0440434238211413
2,"11/01/2007",0.0179831398828214
3,"11/01/2007",-0.0465206086038669
4,"11/01/2007",-0.0445318972659486
1,"12/01/2007",-0.00862848886668388
2,"12/01/2007",0.00280876450650669
3,"12/01/2007",-0.0154444324441085
4,"12/01/2007",-0.10557121179276
1,"01/01/2008",-0.0611634748971641
2,"01/01/2008",0.0167981472099588
3,"01/01/2008",-0.116498464238701
4,"01/01/2008",0.0700436257876877
1,"02/01/2008",-0.0347611620906023
2,"02/01/2008",0.00138798926621631
3,"02/01/2008",-0.00996399304693329
4,"02/01/2008",-0.0998867497168742
1,"03/01/2008",-0.00595958305464339
2,"03/01/2008",0.00341185334717031
3,"03/01/2008",-0.0407273867377332
4,"03/01/2008",-0.0460493205837949
1,"04/01/2008",0.0475466848113706
2,"04/01/2008",-0.00208973832225889
3,"04/01/2008",0.0559877108118709
4,"04/01/2008",-0.00975995779477701
1,"05/01/2008",0.0106741532487966
2,"05/01/2008",-0.00733295000390422
3,"05/01/2008",-0.00300225943235621
4,"05/01/2008",-0.094033031433138
1,"06/01/2008",-0.0859623816392694
2,"06/01/2008",-0.000808077918734607
3,"06/01/2008",-0.101608096361604
4,"06/01/2008",-0.298147603645986
1,"07/01/2008",-0.00985937499999989
2,"07/01/2008",-0.00081588835212032
3,"07/01/2008",-0.0194547150903625
4,"07/01/2008",0.378299120234604
1,"08/01/2008",0.0121905032429104
2,"08/01/2008",0.00949065618038691
3,"08/01/2008",0.0155765435579363
4,"08/01/2008",-0.0534954407294832
1,"09/01/2008",-0.090791453271283
2,"09/01/2008",-0.0134316285406141
3,"09/01/2008",-0.111492816989382
4,"09/01/2008",0.123956326268465
1,"10/01/2008",-0.169424534449055
2,"10/01/2008",-0.023604208769949
3,"10/01/2008",-0.132708455379809
4,"10/01/2008",-0.309428571428571
1,"11/01/2008",-0.0748490322580645
2,"11/01/2008",0.0325498486310503
3,"11/01/2008",-0.0712387985770252
4,"11/01/2008",-0.327678940835747
1,"12/01/2008",0.00782156565205749
2,"12/01/2008",0.0373091739192466
3,"12/01/2008",-0.0382545454545454
4,"12/01/2008",-0.133538461538461
1,"01/01/2009",-0.0856573484638804
2,"01/01/2009",-0.00882332714393774
3,"01/01/2009",-0.0359447469247833
4,"01/01/2009",-0.532670454545455
1,"02/01/2009",-0.109931224875285
2,"02/01/2009",-0.00377444892351886
3,"02/01/2009",-0.0957485750143806
4,"02/01/2009",-0.399696048632219
1,"03/01/2009",0.0854045082915016
2,"03/01/2009",0.0139013671534931
3,"03/01/2009",0.0204718945176963
4,"03/01/2009",0.726582278481013
1,"04/01/2009",0.0939250755135548
2,"04/01/2009",0.00478090933445063
3,"04/01/2009",0.134704748951604
4,"04/01/2009",0.309384164222874
1,"05/01/2009",0.0530814266564317
2,"05/01/2009",0.00725346094684665
3,"05/01/2009",0.0398541677071369
4,"05/01/2009",0.262038073908175
1,"06/01/2009",0.000195835237287056
2,"06/01/2009",0.00568767986099816
3,"06/01/2009",-0.0114307670140723
4,"06/01/2009",0.171251109139308
1,"07/01/2009",0.0741417569507896
2,"07/01/2009",0.0161296853699031
3,"07/01/2009",0.0926978574551813
4,"07/01/2009",0.120454545454545
1,"08/01/2009",0.0335601733705999
2,"08/01/2009",0.0103544007863765
3,"08/01/2009",0.0493086123338224
4,"08/01/2009",0.189317106152806
1,"09/01/2009",0.0357233838255178
2,"09/01/2009",0.0105046574153811
3,"09/01/2009",0.0274152542372881
4,"09/01/2009",-0.0380898237635019
1,"10/01/2009",-0.0197619858478071
2,"10/01/2009",0.0049375166698109
3,"10/01/2009",-0.0228481874046274
4,"10/01/2009",-0.138297872340426
1,"11/01/2009",0.0573639969503663
2,"11/01/2009",0.0129466597617816
3,"11/01/2009",0.00945426919343251
4,"11/01/2009",0.0871056241426611
1,"12/01/2009",0.0177705977382874
2,"12/01/2009",-0.0156313905930471
3,"12/01/2009",0.0615461805410378
4,"12/01/2009",-0.0498422712933754
1,"01/01/2010",-0.0369742623979912
2,"01/01/2010",0.0152758481893607
3,"01/01/2010",-0.0272952853598014
4,"01/01/2010",0.00796812749003983
1,"02/01/2010",0.0285136934638273
2,"02/01/2010",0.00373432574318855
3,"02/01/2010",-0.00469711694201491
4,"02/01/2010",0.0974967061923584
1,"03/01/2010",0.0587963675542558
2,"03/01/2010",-0.00122952647304286
3,"03/01/2010",0.0722945484133442
4,"03/01/2010",0.0714285714285714
1,"04/01/2010",0.01475932719359
2,"04/01/2010",0.0104096237992575
3,"04/01/2010",-0.0138862541260385
4,"04/01/2010",-0.00112044817927193
1,"05/01/2010",-0.0819759162038949
4,"05/01/2010",-0.117218171620864
2,"05/01/2010",0.00841487279843456
3,"05/01/2010",-0.0574814358816514
1,"06/01/2010",-0.0538823766993144
2,"06/01/2010",0.0156814383102859
3,"06/01/2010",-0.00673551863493493
4,"06/01/2010",-0.0870393900889455
1,"07/01/2010",0.0687778327560613
2,"07/01/2010",0.0106688526206795
3,"07/01/2010",0.0494410652638502
4,"07/01/2010",-0.0229645093945721
1,"08/01/2010",-0.0474491648511256
2,"08/01/2010",0.0128675013263895
3,"08/01/2010",-0.015821421578226
4,"08/01/2010",-0.112535612535612
1,"09/01/2010",0.0875511040378147
2,"09/01/2010",0.00106569369434451
3,"09/01/2010",0.0334646452588439
4,"09/01/2010",0.051565008025682
1,"10/01/2010",0.0368559411146161
2,"10/01/2010",0.00356055958524282
3,"10/01/2010",0.0240258740181731
4,"10/01/2010",-0.126197290593398
1,"11/01/2010",-0.00229028277808774
2,"11/01/2010",-0.00574740198252399
3,"11/01/2010",-0.0155286509249511
4,"11/01/2010",-0.0435845925408334
1,"12/01/2010",0.0653000720003389
2,"12/01/2010",-0.0107836695820952
3,"12/01/2010",0.0533934232135356
4,"12/01/2010",0.218264840182649
1,"01/01/2011",0.0226455901529847
2,"01/01/2011",0.00116385351288772
3,"01/01/2011",0.0153729016351836
4,"01/01/2011",0.0292353823088456
1,"02/01/2011",0.0319565825894941
2,"02/01/2011",0.00250150638158009
3,"02/01/2011",0.0229244777718265
4,"02/01/2011",0.0407865986890021
1,"03/01/2011",-0.00104730187911584
2,"03/01/2011",0.000552479479333678
3,"03/01/2011",-0.0368974063601775
4,"03/01/2011",-0.0671798460461861
1,"04/01/2011",0.0284953576250349
2,"04/01/2011",0.0126939436782099
3,"04/01/2011",0.0285610728524828
4,"04/01/2011",-0.0787696924231058
1,"05/01/2011",-0.0135009276846018
2,"05/01/2011",0.0130501213337728
3,"05/01/2011",-0.00958488970329119
4,"05/01/2011",-0.0431596091205211
1,"06/01/2011",-0.0182575081772227
2,"06/01/2011",-0.0029277294423119
3,"06/01/2011",-0.029175265067957
4,"06/01/2011",-0.0672340425531914
1,"07/01/2011",-0.0214744366367823
2,"07/01/2011",0.0158680254837524
3,"07/01/2011",-0.0278897603166459
4,"07/01/2011",-0.114051094890511
1,"08/01/2011",-0.0567910979044788
2,"08/01/2011",0.0146099630371439
3,"08/01/2011",-0.1048821866164
4,"08/01/2011",-0.15859938208033
1,"09/01/2011",-0.071762012979022
2,"09/01/2011",0.00727461080256697
3,"09/01/2011",-0.0473823863875669
4,"09/01/2011",-0.250917992656059
1,"10/01/2011",0.107723038305846
2,"10/01/2011",0.00107416909021296
3,"10/01/2011",0.0764877531169863
4,"10/01/2011",0.116013071895425
1,"11/01/2011",-0.00505864517673338
2,"11/01/2011",-0.000867545246479917
3,"11/01/2011",-0.0139641859701001
4,"11/01/2011",-0.203513909224012
1,"12/01/2011",0.0085327516520175
2,"12/01/2011",0.0109908314529719
3,"12/01/2011",0.0185771409530155
4,"12/01/2011",0.0220588235294117
1,"01/01/2012",0.0435830152671757
2,"01/01/2012",0.0087807027952469
3,"01/01/2012",0.0403614950519342
4,"01/01/2012",0.282374100719424
1,"02/01/2012",0.0405894499432342
2,"02/01/2012",-0.000229649420555256
3,"02/01/2012",0.0389528713493967
4,"02/01/2012",0.11781206171108
1,"03/01/2012",0.0313323765450177
2,"03/01/2012",-0.00547923716469079
3,"03/01/2012",-0.00378329297820823
4,"03/01/2012",0.200752823086575
1,"04/01/2012",-0.00749749728428717
2,"04/01/2012",0.0110864495194745
3,"04/01/2012",-0.0229378702719126
4,"04/01/2012",-0.152560083594566
1,"05/01/2012",-0.0626506713593866
2,"05/01/2012",0.00904826110696333
3,"05/01/2012",-0.068213619402985
4,"05/01/2012",-0.093711467324291
1,"06/01/2012",0.0395549212793724
2,"06/01/2012",0.000392035603458796
3,"06/01/2012",0.0477203520627372
4,"06/01/2012",0.112925170068027
1,"07/01/2012",0.0125976390438713
2,"07/01/2012",0.0137931415135475
3,"07/01/2012",0.0406497591272843
4,"07/01/2012",-0.102689486552567
1,"08/01/2012",0.0197633616564683
2,"08/01/2012",0.000653324331975957
3,"08/01/2012",0.0185553600122428
4,"08/01/2012",0.0885558583106267
1,"09/01/2012",0.0242360903752366
2,"09/01/2012",0.0013765261485561
3,"09/01/2012",0.00845133906772344
4,"09/01/2012",0.105131414267835
1,"10/01/2012",-0.0197894035414078
2,"10/01/2012",0.0019668675189759
3,"10/01/2012",0.00677890345649579
4,"10/01/2012",0.0554926387315968
1,"11/01/2012",0.00284670292318157
2,"11/01/2012",0.00157799697415029
3,"11/01/2012",0.0202737698853124
4,"11/01/2012",0.0579399141630901
1,"12/01/2012",0.00706831052549806
2,"12/01/2012",-0.00142391527974783
3,"12/01/2012",0.0141417071578795
4,"12/01/2012",0.177484787018256
1,"01/01/2013",0.0504280635819911
2,"01/01/2013",-0.006994182358395
3,"01/01/2013",0.0269593821510299
4,"01/01/2013",-0.0249784668389319
1,"02/01/2013",0.0110606030264802
2,"02/01/2013",0.00501231237953803
3,"02/01/2013",0.0094700926119351
4,"02/01/2013",-0.00795053003533563
1,"03/01/2013",0.0359877994031743
4,"03/01/2013",0.0845948352626891
2,"03/01/2013",0.000798622240814506
3,"03/01/2013",0.0132441194729944
1,"04/01/2013",0.018085763992888
2,"04/01/2013",0.0101186663337205
3,"04/01/2013",0.0100074885969095
4,"04/01/2013",0.010673234811166
1,"05/01/2013",0.0207627834774065
2,"05/01/2013",-0.0178419802448436
3,"05/01/2013",0.0140199514693986
4,"05/01/2013",0.109666937449228
1,"06/01/2013",-0.0149993254596074
2,"06/01/2013",-0.0154685431007124
3,"06/01/2013",-0.0527120446689711
4,"06/01/2013",-0.0585651537335286
1,"07/01/2013",0.0494621112134872
2,"07/01/2013",0.00136719075645675
3,"07/01/2013",0.0510841344467055
4,"07/01/2013",0.135303265940902
1,"08/01/2013",-0.0312980133236046
2,"08/01/2013",-0.00511164022044996
3,"08/01/2013",-0.00754389478603379
4,"08/01/2013",-0.0328767123287671
1,"09/01/2013",0.0297494748831884
2,"09/01/2013",0.00946690766278402
3,"09/01/2013",0.0441948069420153
4,"09/01/2013",-0.0226628895184134
1,"10/01/2013",0.0445957598644109
2,"10/01/2013",0.00808497234088423
3,"10/01/2013",0.0383624299426657
4,"10/01/2013",0.0123188405797101
1,"11/01/2013",0.0280494608719415
2,"11/01/2013",-0.00374418910621888
3,"11/01/2013",0.00865465148742128
4,"11/01/2013",0.132426628489621
1,"12/01/2013",0.0235628332991842
2,"12/01/2013",-0.00565114756263307
3,"12/01/2013",0.00953376799114269
4,"12/01/2013",-0.015802781289507
1,"01/01/2014",-0.0355828951070137
2,"01/01/2014",0.0147753810056113
3,"01/01/2014",-0.0174861390361299
4,"01/01/2014",0.0757867694283878
1,"02/01/2014",0.0431170375689307
2,"02/01/2014",0.00531694442020769
3,"02/01/2014",0.0480590350985985
4,"02/01/2014",-0.0131343283582089
1,"03/01/2014",0.0069321573583585
2,"03/01/2014",-0.00170327256158098
3,"03/01/2014",-0.0109756819123128
4,"03/01/2014",0.040532365396249
1,"04/01/2014",0.00620079686381758
2,"04/01/2014",0.00843852051489646
3,"04/01/2014",0.0107086237324638
4,"04/01/2014",-0.119767441860465
1,"05/01/2014",0.0210302821200137
2,"05/01/2014",0.0113853117086049
3,"05/01/2014",0.0187930983456155
4,"05/01/2014",0
1,"06/01/2014",0.0190583134484319
2,"06/01/2014",0.000516773839523088
3,"06/01/2014",-0.00691378108296536
4,"06/01/2014",0.0151915455746365
1,"07/01/2014",-0.0150798630772919
2,"07/01/2014",-0.00250798722044732
3,"07/01/2014",-0.0171707716609139
4,"07/01/2014",-0.00780741704619381
1,"08/01/2014",0.0376553217276903
2,"08/01/2014",0.0110394012672892
3,"08/01/2014",0.0178874371261049
4,"08/01/2014",0.0550819672131146
1,"09/01/2014",-0.0155138591473367
2,"09/01/2014",-0.00678997027408046
3,"09/01/2014",0.00315789473684203
4,"09/01/2014",0.0596643878185208
1,"10/01/2014",0.0232014561753089
2,"10/01/2014",0.0098293029115788
3,"10/01/2014",-0.018304768567098
4,"10/01/2014",0.00645161290322571
1,"11/01/2014",0.024533584400783
2,"11/01/2014",0.00709623078542854
3,"11/01/2014",0.0310273159144894
4,"11/01/2014",-0.00699300699300709
1,"12/01/2014",-0.00418851206252779
2,"12/01/2014",0.000935663955506261
3,"12/01/2014",-0.0135637149028077
4,"12/01/2014",0.0498826291079812
1,"01/01/2015",-0.0310408470542524
2,"01/01/2015",0.0209674808211524
3,"01/01/2015",0.0715536871606235
4,"01/01/2015",-0.153158188932364
1,"02/01/2015",0.0548925057268457
2,"02/01/2015",-0.00940143834845675
3,"02/01/2015",0.0685465195477455
4,"02/01/2015",0.0435643564356436
1,"03/01/2015",-0.0173960560703256
2,"03/01/2015",0.00464206047587568
3,"03/01/2015",0.0129777415160246
4,"03/01/2015",-0.0265654648956357
1,"04/01/2015",0.00852076270981539
2,"04/01/2015",-0.0035875269193012
3,"04/01/2015",-0.00380065441731692
4,"04/01/2015",0.0350877192982455
1,"05/01/2015",0.0104914385450081
2,"05/01/2015",-0.00240889278621725
3,"05/01/2015",0.0103084969301903
4,"05/01/2015",0.0357815442561205
1,"06/01/2015",-0.0210117728564716
2,"06/01/2015",-0.0109049731641485
3,"06/01/2015",-0.0464150849025934
4,"06/01/2015",0.0315151515151515
1,"07/01/2015",0.0197420399300086
2,"07/01/2015",0.00695283053390416
3,"07/01/2015",0.0394954236710288
4,"07/01/2015",0.0505287896592244
1,"08/01/2015",-0.0625808046239258
2,"08/01/2015",-0.00143807204896718
3,"08/01/2015",-0.0847188233216439
4,"08/01/2015",-0.0861297539149888
1,"09/01/2015",-0.0264428196209271
2,"09/01/2015",0.00676399330359456
3,"09/01/2015",-0.0414013616692853
4,"09/01/2015",-0.0465116279069767
1,"10/01/2015",0.0829830783894003
2,"10/01/2015",0.00017041669463902
3,"10/01/2015",0.0796503436179086
4,"10/01/2015",0.0770218228498074
1,"11/01/2015",0.000504963065558472
2,"11/01/2015",-0.00264359032611161
3,"11/01/2015",0.0265267531360693
4,"11/01/2015",0.038736591179976
1,"12/01/2015",-0.0175301983743588
2,"12/01/2015",-0.00323041560539228
3,"12/01/2015",-0.0509041849363049
4,"12/01/2015",-0.0344234079173839
1,"01/01/2016",-0.0507353444817362
2,"01/01/2016",0.013758180118417
3,"01/01/2016",-0.0643503458079331
4,"01/01/2016",-0.159833630421866
1,"02/01/2016",-0.00412835525501998
2,"02/01/2016",0.00709568674464234
3,"02/01/2016",-0.024395944722003
4,"02/01/2016",-0.114568599717115
1,"03/01/2016",0.0659911087189411
2,"03/01/2016",0.00917211838798626
3,"03/01/2016",0.0108409199808337
4,"03/01/2016",0.0798722044728435
1,"04/01/2016",0.00269936982337593
2,"04/01/2016",0.0038411711035049
3,"04/01/2016",0.0116726906440718
4,"04/01/2016",0.0769230769230771
1,"05/01/2016",0.0153294920834746
2,"05/01/2016",0.000256102521354329
3,"05/01/2016",0.0174827222677756
4,"05/01/2016",0.0157967032967032
1,"06/01/2016",0.000906073554097331
2,"06/01/2016",0.0179677694663387
3,"06/01/2016",-0.0505684271118146
4,"06/01/2016",-0.102772143340095
1,"07/01/2016",0.0356098072286859
2,"07/01/2016",0.00632246546562842
3,"07/01/2016",0.0364071783678914
4,"07/01/2016",0.0919366993217785
1,"08/01/2016",-0.00121917556128082
2,"08/01/2016",-0.0011418713948963
3,"08/01/2016",0.00479686448857808
4,"08/01/2016",0.113871635610766
1,"09/01/2016",-0.00123448259978343
2,"09/01/2016",-0.000588760560892632
3,"09/01/2016",-0.00177568189095556
4,"09/01/2016",-0.0303593556381661
1,"10/01/2016",-0.0194256250374722
2,"10/01/2016",-0.00764857779654193
3,"10/01/2016",-0.0115187215677125
4,"10/01/2016",0.0543130990415335
1,"11/01/2016",0.0341744467699832
2,"11/01/2016",-0.0236519244088257
3,"11/01/2016",0.00890934300970581
4,"11/01/2016",0.28
1,"12/01/2016",0.018200754044233
2,"12/01/2016",0.00140860057053382
3,"12/01/2016",0.056814526740548
4,"12/01/2016",0.0464015151515151
1,"01/01/2017",0.0178843413747358
2,"01/01/2017",0.00196319515070553
3,"01/01/2017",-0.00359692324719163
4,"01/01/2017",0.0244343891402714
1,"02/01/2017",0.0371982605414087
2,"02/01/2017",0.00672137356394398
3,"02/01/2017",0.0281017438631568
4,"02/01/2017",0.0901060070671378
1,"03/01/2017",-0.000389230170415145
2,"03/01/2017",-0.000526695960994417
3,"03/01/2017",0.0294403630077786
4,"03/01/2017",-0.0441653160453809
1,"04/01/2017",0.00909121690255299
2,"04/01/2017",0.00771890730786806
3,"04/01/2017",0.0156110615521856
4,"04/01/2017",-0.0105977108944468
1,"05/01/2017",0.0115762100494927
2,"05/01/2017",0.00769464462694658
3,"05/01/2017",0.0074917977731277
4,"05/01/2017",-0.0398457583547558
1,"06/01/2017",0.00481383199270247
2,"06/01/2017",-0.0010032915871776
3,"06/01/2017",-0.027231467473525
4,"06/01/2017",0.0825524319500224
1,"07/01/2017",0.0193487688835154
2,"07/01/2017",0.00430413939474894
3,"07/01/2017",-0.00400664259166505
4,"07/01/2017",-0.00577081615828523
1,"08/01/2017",0.000546492328866943
2,"08/01/2017",0.00896547307648743
3,"08/01/2017",-0.0105068148736271
4,"08/01/2017",-0.0095356550580431
1,"09/01/2017",0.0193028948273422
2,"09/01/2017",-0.00476025407550984
3,"09/01/2017",0.0381940729645875
4,"09/01/2017",0.0606948514022603
1,"10/01/2017",0.022188174774546
2,"10/01/2017",0.000578868361410079
3,"10/01/2017",0.0181883759274526
4,"10/01/2017",0.0808997632202053
1,"11/01/2017",0.0280826013684055
2,"11/01/2017",-0.00128454040909187
3,"11/01/2017",-0.0215829158443399
4,"11/01/2017",0.0284775465498357
1,"12/01/2017",0.0098316198188535
3,"12/01/2017",0.00643926659598137
4,"12/01/2017",0.0479233226837059
2,"12/01/2017",0.00459003838941197
1,"01/01/2018",0.0561787246457037
2,"01/01/2018",-0.0115179561858315
3,"01/01/2018",0.0161364921116192
4,"01/01/2018",0.0840108401084012
1,"02/01/2018",-0.0389473796041518
2,"02/01/2018",-0.00947696262606279
3,"02/01/2018",-0.0400293329287412
4,"02/01/2018",0.00312500000000004
1,"03/01/2018",-0.0268845137683643
4,"03/01/2018",-0.0657320872274144
2,"03/01/2018",0.00641335975204993
3,"03/01/2018",-0.0230750994389274
1,"04/01/2018",0.00271880100118538
2,"04/01/2018",-0.00743870507022137
3,"04/01/2018",0.0389624396688866
4,"04/01/2018",-0.00233411137045669
1,"05/01/2018",0.0216083533165914
2,"05/01/2018",0.00713472030697293
3,"05/01/2018",-0.00586525485310907
4,"05/01/2018",-0.0294117647058825
1,"06/01/2018",0.00484240020404614
2,"06/01/2018",-0.00123030519506295
3,"06/01/2018",-0.00817104370072574
4,"06/01/2018",-0.0292699724517905
1,"07/01/2018",0.0360215864654188
2,"07/01/2018",0.00023841691170623
3,"07/01/2018",0.0307425051983261
4,"07/01/2018",0.0954239091876552
1,"08/01/2018",0.0302632186316041
2,"08/01/2018",0.00643572223105049
3,"08/01/2018",-0.0238757947958429
4,"08/01/2018",0.00161917098445596
1,"09/01/2018",0.00429430091813954
2,"09/01/2018",-0.00643897529012394
3,"09/01/2018",0.00240673886883269
4,"09/01/2018",-0.0475266731328806
1,"10/01/2018",-0.0694033589798146
2,"10/01/2018",-0.00790099668763999
3,"10/01/2018",-0.0562920820502114
4,"10/01/2018",-0.06653088934148
1,"11/01/2018",0.0178593817991402
2,"11/01/2018",0.00596668268460676
3,"11/01/2018",-0.0113934902242748
4,"11/01/2018",0.0327272727272727
1,"12/01/2018",-0.0917769557672173
2,"12/01/2018",0.0183710839536642
3,"12/01/2018",-0.0554980558896753
4,"12/01/2018",-0.132394366197183
1,"01/01/2019",0.0786844047310369
2,"01/01/2019",0.0106224958467704
3,"01/01/2019",0.0622538131200949
4,"01/01/2019",0.155438311688312
1,"02/01/2019",0.0297289301431161
2,"02/01/2019",-0.00058017540636468
3,"02/01/2019",0.0393955446510721
4,"02/01/2019",0.0214260625219529
1,"03/01/2019",0.0179242877510783
2,"03/01/2019",0.0192004411892761
3,"03/01/2019",0.0168723175965664
4,"03/01/2019",-0.0512379642365887
1,"04/01/2019",0.0393134349421393
2,"04/01/2019",0.00025630924184683
3,"04/01/2019",0.0323406051333457
4,"04/01/2019",0.108372598767669
1,"05/01/2019",-0.0657777264811615
2,"05/01/2019",0.0177519847013103
3,"05/01/2019",-0.0569566883863549
4,"05/01/2019",-0.130150425114454
1,"06/01/2019",0.068930183208215
2,"06/01/2019",0.0125560663564561
3,"06/01/2019",0.0428385628353114
4,"06/01/2019",0.0902255639097744
1,"07/01/2019",0.0131281953660394
2,"07/01/2019",0.00220103052433318
3,"07/01/2019",0.00233845194481241
4,"07/01/2019",0.0579310344827586
1,"08/01/2019",-0.0180916527422678
2,"08/01/2019",0.025913282395049
3,"08/01/2019",-0.0163050522331959
4,"08/01/2019",-0.103324641460235
1,"09/01/2019",0.0171811676906568
2,"09/01/2019",-0.00532493763687414
3,"09/01/2019",0.0360229788131126
4,"09/01/2019",0.0603416939294803
1,"10/01/2019",0.0204317474821449
2,"10/01/2019",0.00301215668617738
3,"10/01/2019",0.00915681037771843
4,"10/01/2019",0.0719917723688721
1,"11/01/2019",0.0340470640909152
2,"11/01/2019",-0.000511740861609988
3,"11/01/2019",0.0269187145557657
4,"11/01/2019",0.0655580428525744
1,"12/01/2019",0.0285898031824463
2,"12/01/2019",-0.00069614425905562
3,"12/01/2019",0.0206415826031465
4,"12/01/2019",0.0570228091236493
1,"01/01/2020",-0.00162808981112927
2,"01/01/2020",0.0192449438202249
3,"01/01/2020",-0.0123364755675259
4,"01/01/2020",-0.0678591709256104
1,"02/01/2020",-0.0841104690096481
2,"02/01/2020",0.0179996648764009
3,"02/01/2020",-0.0853643690195028
4,"02/01/2020",-0.131891562595187
1,"03/01/2020",-0.125119320835957
2,"03/01/2020",-0.00588658257675501
3,"03/01/2020",-0.147983495274857
4,"03/01/2020",-0.255087719298246
1,"04/01/2020",0.126844102933154
2,"04/01/2020",0.0177773904707956
3,"04/01/2020",0.0623945510216832
4,"04/01/2020",0.132830899670278
1,"05/01/2020",0.0452817750126184
2,"05/01/2020",0.0046535522400839
3,"05/01/2020",0.0303796723818488
4,"05/01/2020",0.00291060291060297
1,"06/01/2020",0.0183884032835027
2,"06/01/2020",0.00630241358150974
3,"06/01/2020",0.0284849868706472
4,"06/01/2020",-0.0153399668325042
1,"07/01/2020",0.0551012969754443
2,"07/01/2020",0.0149353591557944
3,"07/01/2020",-0.0111283787533996
4,"07/01/2020",0.0475789473684209
1,"08/01/2020",0.0700646873242192
2,"08/01/2020",-0.00807333172005786
3,"08/01/2020",0.0285690230965678
4,"08/01/2020",0.0345659163987138
1,"09/01/2020",-0.0392279540954944
2,"09/01/2020",-0.000546808949159261
3,"09/01/2020",-0.0147881367493384
4,"09/01/2020",-0.0641025641025641
1,"10/01/2020",-0.0276657746060065
2,"10/01/2020",-0.00446524390500525
3,"10/01/2020",-0.0518707247500622
4,"10/01/2020",-0.016189290161893
1,"11/01/2020",0.107545658050863
2,"11/01/2020",0.009811796137847
3,"11/01/2020",0.137282392802897
4,"11/01/2020",0.188185654008439
1,"12/01/2020",0.0371214066594323
2,"12/01/2020",0.00137730090885113
3,"12/01/2020",0.024835627696733
4,"12/01/2020",0.0763494318181817
1,"01/01/2021",-0.0111366401584636
2,"01/01/2021",-0.00716967249437717
3,"01/01/2021",-0.00796932561461527
4,"01/01/2021",-0.0217749917518971
1,"02/01/2021",0.0260914749719998
2,"02/01/2021",-0.0144386850648667
3,"02/01/2021",0.0230895541240368
4,"02/01/2021",0.170657672849916
1,"03/01/2021",0.0424386340081078
2,"03/01/2021",-0.0124883575865811
3,"03/01/2021",0.0607669325168523
4,"03/01/2021",0.114664361855373
1,"04/01/2021",0.0524253125558474
2,"04/01/2021",0.0079001449369418
3,"04/01/2021",0.0181331471135939
4,"04/01/2021",0.0475575084001034
1,"05/01/2021",0.00548650258181316
4,"05/01/2021",0.0458919319022946
2,"05/01/2021",0.00326664119745357
3,"05/01/2021",0.0214225290930292
1,"06/01/2021",0.0222139763231695
2,"06/01/2021",0.00702544048057097
3,"06/01/2021",0.0136090966066791
4,"06/01/2021",-0.0273649445623969
1,"07/01/2021",0.0227481093659105
2,"07/01/2021",0.0111826787444129
3,"07/01/2021",0.0196537408356152
4,"07/01/2021",-0.0696095076400679
1,"08/01/2021",0.0289903213916811
2,"08/01/2021",-0.00190339333434186
3,"08/01/2021",0.0197946896521852
4,"08/01/2021",0.0883733055265903
1,"09/01/2021",-0.0475691404211663
2,"09/01/2021",-0.00865948480906598
3,"09/01/2021",-0.0341275908936459
4,"09/01/2021",0.0167664670658683
1,"10/01/2021",0.0691438733012346
2,"10/01/2021",-0.000276024901692762
3,"10/01/2021",0.0455135111365186
4,"10/01/2021",0.125559481743227
1,"11/01/2021",-0.00833373141847149
2,"11/01/2021",0.00296065346761742
3,"11/01/2021",-0.0263927151900065
4,"11/01/2021",-0.0692758476349937
1,"12/01/2021",0.0436128749726299
2,"12/01/2021",-0.00255804301239204
3,"12/01/2021",0.0536547433903578
4,"12/01/2021",0.000449741398695913
1,"01/01/2022",-0.0525850891069998
2,"01/01/2022",-0.0215443667892353
3,"01/01/2022",-0.0387863878638787
4,"01/01/2022",0.0370869858395144
1,"02/01/2022",-0.0313605208667826
2,"02/01/2022",-0.0111569172018747
3,"02/01/2022",-0.0336333390206449
4,"02/01/2022",-0.0420459471174686
1,"03/01/2022",0.0357732387732801
2,"03/01/2022",-0.0277835071905349
3,"03/01/2022",0.00606916642757827
4,"03/01/2022",-0.0674208144796381
1,"04/01/2022",-0.0879567191490394
2,"04/01/2022",-0.0379483429479368
3,"04/01/2022",-0.011999298030097
4,"04/01/2022",-0.134400776322174
1,"05/01/2022",5.32438836087223e-05
2,"05/01/2022",0.00644673932933282
3,"05/01/2022",-0.0156308976664667
4,"05/01/2022",0.0426008968609866
1,"06/01/2022",-0.0839199932238665
2,"06/01/2022",-0.0156872800167829
3,"06/01/2022",-0.0815382880342845
4,"06/01/2022",-0.163172043010753
1,"07/01/2022",0.0911163476322059
2,"07/01/2022",0.0244340248176564
3,"07/01/2022",0.07635068762279
4,"07/01/2022",0.0860905878573723
1,"08/01/2022",-0.0424401192168105
2,"08/01/2022",-0.0282525578019315
3,"08/01/2022",-0.0528645417417691
4,"08/01/2022",-0.00591540964211779
1,"09/01/2022",-0.0933957016434893
2,"09/01/2022",-0.0432089367613756
3,"09/01/2022",-0.0656918481402967
4,"09/01/2022",-0.101457899434692
